id,nom,prenom,email,password,matricule,code_etudiant,type_profil,derniere_connexion
1,Benali,Fouad,fouad@solicode.ma,$2y$12$92IXUNpkjO0rOQ5byMi.Ye4oKoEa3Ro9llC/.og/at2.uheWG/igi,,,admin,2026-03-10 09:00:00
2,Alami,Youssef,youssef@solicode.ma,$2y$12$92IXUNpkjO0rOQ5byMi.Ye4oKoEa3Ro9llC/.og/at2.uheWG/igi,F001,,formateur,2026-03-11 08:30:00
3,Oukhouya,Fatima,fatima@solicode.ma,$2y$12$92IXUNpkjO0rOQ5byMi.Ye4oKoEa3Ro9llC/.og/at2.uheWG/igi,F002,,formateur,2026-03-11 08:45:00
4,Rachidi,Mehdi,mehdi@solicode.ma,$2y$12$92IXUNpkjO0rOQ5byMi.Ye4oKoEa3Ro9llC/.og/at2.uheWG/igi,,E001,etudiant,2026-03-11 09:15:00
5,Kettani,Soufiane,soufiane@solicode.ma,$2y$12$92IXUNpkjO0rOQ5byMi.Ye4oKoEa3Ro9llC/.og/at2.uheWG/igi,,E002,etudiant,2026-03-11 09:20:00
6,Tahiri,Sara,sara@solicode.ma,$2y$12$92IXUNpkjO0rOQ5byMi.Ye4oKoEa3Ro9llC/.og/at2.uheWG/igi,,E003,etudiant,2026-03-10 10:00:00
7,Azzouzi,Karim,karim@solicode.ma,$2y$12$92IXUNpkjO0rOQ5byMi.Ye4oKoEa3Ro9llC/.og/at2.uheWG/igi,,E004,etudiant,2026-03-10 10:05:00
8,Bousfiha,Nadia,nadia@solicode.ma,$2y$12$92IXUNpkjO0rOQ5byMi.Ye4oKoEa3Ro9llC/.og/at2.uheWG/igi,,E005,etudiant,2026-03-09 11:00:00
9,Fikri,Omar,omar@solicode.ma,$2y$12$92IXUNpkjO0rOQ5byMi.Ye4oKoEa3Ro9llC/.og/at2.uheWG/igi,,E006,etudiant,2026-03-09 11:10:00
